class,cap-shape,cap-surface,cap-color,bruises,odor,population,habitat
p,x,s,n,t,p,s,u
e,x,s,y,t,a,n,g
e,b,s,w,t,l,n,m
p,x,y,w,t,p,s,u
e,x,s,g,f,n,a,g
e,x,y,y,t,a,n,g
e,b,s,w,t,a,n,m
e,b,y,w,t,l,s,m
p,x,y,w,t,p,v,g
p,x,y,w,t,p,v,u
e,x,f,n,f,n,a,g
e,s,f,g,f,n,y,u
e,f,f,w,f,n,a,g
p,x,s,n,t,p,s,g
p,x,y,w,t,p,s,u
p,b,g,w,t,n,c,l
e,b,s,y,t,a,s,m
p,x,y,n,t,p,v,g
e,b,y,y,t,l,s,m
e,b,y,w,t,a,n,m
e,b,s,w,t,l,s,m
p,f,s,w,t,p,v,g
e,x,y,y,t,a,n,m
e,x,y,w,t,l,n,m
e,f,f,n,f,n,y,u
e,x,s,y,t,a,v,d
e,b,s,y,t,l,n,m
p,x,y,w,t,p,s,u
e,x,y,y,t,l,n,m
e,x,y,n,t,l,y,p
e,b,y,y,t,l,s,m
e,x,f,y,t,l,v,d
e,s,f,g,f,n,v,u
p,x,y,n,t,p,s,u
e,x,f,y,t,a,v,d
e,b,s,y,t,l,s,m
e,b,y,y,t,a,s,g
e,x,y,y,t,l,y,p
e,x,f,n,f,n,y,u
p,x,y,w,t,p,v,g
e,x,s,y,t,a,n,m
e,x,y,w,t,a,n,g
e,x,y,y,t,l,s,m
e,x,s,w,t,l,n,m
e,x,y,y,t,l,s,p
e,f,y,y,t,l,s,p
e,x,y,n,t,a,s,g
e,x,s,w,t,l,s,g
e,b,s,w,t,l,n,m
p,x,y,n,t,p,v,u
p,x,s,w,t,p,v,u
e,b,y,y,t,a,s,m
e,f,f,g,f,n,a,g
e,b,s,w,t,a,n,g
e,x,s,y,t,a,n,g
e,f,f,n,f,n,v,u
e,x,y,y,t,a,s,p
e,k,y,b,t,n,c,w
e,b,y,y,t,a,n,g
e,x,f,g,f,n,s,g
e,x,y,y,t,a,s,g
e,f,y,n,t,l,y,g
e,x,s,y,t,a,s,m
e,s,f,n,f,n,y,u
e,x,s,w,t,a,s,m
e,b,s,w,t,l,n,g
e,s,f,n,f,n,y,u
e,b,y,y,t,l,n,m
e,x,y,y,t,l,n,g
e,b,y,y,t,a,s,g
p,x,y,n,t,p,s,u
e,x,s,w,f,n,s,g
e,x,y,w,t,a,s,m
e,b,s,w,t,a,n,g
e,x,f,n,t,n,y,d
p,x,s,n,t,p,s,u
e,x,y,n,t,l,y,p
e,x,s,n,f,n,a,g
e,b,y,y,t,l,n,m
e,x,s,y,t,a,n,m
e,b,s,y,t,a,s,m
e,x,s,y,t,l,n,m
e,b,y,w,t,a,n,g
e,x,f,g,f,n,v,u
e,f,y,n,t,a,s,g
e,x,f,g,f,n,a,g
e,x,s,w,t,l,n,m
e,x,y,y,t,l,s,m
e,x,f,g,f,n,v,u
e,x,y,r,f,n,y,d
e,b,y,w,t,l,n,g
e,b,y,w,t,a,n,m
p,x,y,n,t,p,v,u
e,b,s,y,t,l,s,m
e,x,s,w,t,l,s,m
e,x,y,y,t,l,s,m
e,b,y,y,t,l,n,g
e,x,s,w,t,a,s,m
e,x,s,w,t,a,s,g
e,x,y,n,t,l,y,p
e,x,s,w,t,a,s,m
e,x,s,n,f,n,s,g
e,x,y,n,t,l,s,p
e,x,y,y,t,l,y,g
p,x,y,n,t,p,v,g
e,b,y,y,t,a,n,g
e,x,f,w,t,l,v,d
p,x,s,n,t,p,s,u
e,x,y,y,t,l,n,g
e,f,f,g,f,n,a,g
e,x,y,w,t,l,s,g
e,b,y,w,t,a,s,m
p,x,y,n,t,p,s,u
e,f,y,n,t,l,s,g
e,x,s,w,t,l,n,m
e,x,s,w,t,a,v,d
e,f,y,n,t,a,y,p
e,b,s,w,t,a,n,m
e,x,s,w,f,n,a,g
e,f,f,g,f,n,v,u
e,x,y,w,t,a,s,g
e,x,y,y,t,l,y,g
e,b,s,y,t,l,s,g
e,b,s,y,t,l,s,g
e,f,s,w,t,l,v,d
e,b,s,w,t,a,n,m
e,x,f,y,t,a,v,d
e,x,y,w,t,l,n,m
e,b,y,y,t,l,n,m
e,x,y,n,t,a,y,p
e,x,y,w,t,l,s,m
e,x,y,w,t,l,s,m
e,x,y,y,t,a,y,p
e,x,y,w,t,l,n,m
e,x,s,y,t,l,n,m
e,x,y,n,t,l,s,g
e,x,s,w,t,l,n,g
e,f,y,n,t,l,s,g
e,b,s,w,t,l,s,m
e,x,f,n,t,n,y,d
e,x,y,w,t,l,s,m
e,b,s,w,t,l,n,g
e,b,s,y,t,l,n,m
e,x,f,y,t,l,v,d
e,b,s,w,t,l,n,m
e,x,s,g,f,n,a,g
e,b,s,w,t,a,n,g
e,b,s,y,t,l,s,m
e,f,y,y,t,a,y,p
e,f,y,n,t,a,y,p
e,x,s,w,t,a,s,m
e,f,y,y,t,l,s,g
e,b,s,w,t,a,s,g
e,x,y,y,t,a,n,m
e,x,f,n,f,n,v,u
e,f,y,n,t,a,y,g
e,x,s,w,t,a,n,m
e,x,s,y,t,l,n,g
e,b,y,y,t,l,n,g
e,f,y,y,t,a,s,p
e,x,y,y,t,l,n,g
e,x,y,w,t,a,n,m
e,f,f,w,t,a,v,d
e,s,f,g,f,n,y,u
e,f,s,y,t,l,v,d
e,f,f,g,f,n,y,u
e,x,f,n,f,n,y,u
e,b,y,w,t,a,n,g
e,x,s,w,t,a,v,d
e,b,y,y,t,l,s,m
e,b,y,y,t,a,s,m
e,b,y,y,t,l,s,g
e,f,s,w,t,l,v,d
e,f,f,g,f,n,y,u
e,f,s,w,t,a,v,d
e,f,y,y,t,a,y,g
e,x,y,w,t,l,s,m
e,s,f,n,f,n,y,u
e,x,y,n,t,l,s,p
e,x,y,n,t,a,s,p
e,f,f,y,t,a,v,d
p,f,s,n,t,p,s,g
p,x,s,n,t,p,v,u
e,f,y,n,t,l,s,p
e,x,y,y,t,a,s,g
e,b,s,y,t,a,n,m
e,f,f,w,f,n,a,g
e,f,y,n,t,a,s,g
e,x,y,w,t,a,s,g
e,b,s,y,t,l,n,m
e,x,s,y,t,a,n,g
e,b,y,y,t,a,n,g
e,x,s,w,t,l,n,m
e,b,s,y,t,a,s,m
e,b,y,y,t,a,s,g
p,x,s,n,t,p,v,g
p,x,s,n,t,p,s,u
e,f,f,g,f,n,y,u
e,b,s,y,t,l,s,g
e,f,y,n,t,a,s,p
e,x,s,y,t,a,s,m
e,x,f,n,f,n,y,u
e,f,y,y,t,a,y,p
e,x,y,n,t,a,y,p
e,x,s,w,t,a,s,g
p,x,y,w,t,p,s,g
e,f,y,n,t,l,y,p
p,f,s,n,t,p,s,g
e,x,f,w,f,n,s,g
e,b,y,w,t,a,s,m
e,s,f,n,f,n,v,u
e,x,y,y,t,l,s,m
e,f,s,w,t,a,v,d
e,x,s,y,t,a,s,m
e,f,f,g,f,n,s,g
p,x,y,w,t,p,s,g
e,x,y,y,t,a,s,g
e,f,f,n,f,n,a,g
e,x,s,w,t,a,s,m
e,b,y,y,t,l,s,m
e,f,f,g,f,n,v,u
e,x,f,y,t,l,v,d
e,x,s,y,t,a,n,m
e,f,f,n,f,n,y,u
e,x,f,g,f,n,s,g
e,x,y,y,t,l,s,p
e,f,s,w,t,l,v,d
e,x,s,y,t,l,s,g
e,f,y,y,t,a,y,p
p,x,y,n,t,p,v,u
e,x,f,w,t,l,v,d
e,x,s,w,t,l,n,g
e,x,y,y,t,a,n,m
e,b,s,y,t,a,s,g
e,x,s,y,t,a,v,d
e,x,s,y,t,a,v,d
e,x,f,w,f,n,s,g
e,b,s,w,t,a,s,m
p,x,y,w,t,p,v,g
e,x,y,y,t,a,n,g
e,f,s,g,f,n,s,g
p,x,s,n,t,p,s,g
e,b,y,w,t,a,n,m
e,x,s,w,t,a,n,m
e,f,f,y,t,l,v,d
e,x,s,y,t,a,n,g
e,b,y,w,t,l,n,g
e,x,y,n,t,a,y,g
e,x,s,y,t,l,s,g
e,x,f,n,f,n,v,u
e,x,s,y,t,l,s,g
e,x,y,y,t,l,y,g
p,x,s,n,t,p,s,g
e,x,s,w,t,a,n,m
e,x,s,y,t,a,s,m
e,x,y,w,t,l,n,g
e,x,y,y,t,a,y,g
e,f,y,y,t,a,s,g
e,x,y,w,t,a,s,m
e,s,f,g,f,n,v,u
e,f,f,n,f,n,y,u
e,s,f,g,f,n,v,u
e,x,y,w,t,a,n,m
p,x,s,w,t,p,s,u
e,x,s,g,f,n,s,g
e,x,y,y,t,l,s,g
p,x,y,w,t,p,s,g
p,f,y,n,f,f,v,d
p,f,y,e,f,y,v,p
p,f,y,e,f,s,v,l
e,x,y,u,f,n,y,d
p,x,s,e,f,y,v,l
p,f,y,n,f,s,v,d
p,f,s,n,f,s,v,d
p,f,s,e,f,f,v,p
p,x,s,n,f,y,v,d
p,f,y,e,f,f,v,d
p,k,y,n,f,y,v,l
p,k,s,e,f,f,v,l
p,x,s,g,f,c,v,d
e,k,s,g,f,n,s,g
e,x,f,w,f,n,s,g
p,k,y,e,f,f,v,d
e,b,s,w,f,n,s,g
p,k,s,e,f,s,v,p
p,f,s,n,f,f,v,p
p,f,y,n,f,f,v,d
e,k,s,g,f,n,s,g
e,x,s,w,f,n,n,g
p,f,y,e,f,y,v,p
p,x,s,e,f,f,v,d
e,x,f,w,f,n,s,g
e,k,f,w,f,n,n,g
p,f,s,e,f,s,v,d
e,f,s,g,t,n,v,p
p,k,s,e,f,y,v,d
p,x,s,n,f,y,v,p
e,k,s,n,f,n,c,l
e,x,s,n,f,n,c,l
p,k,y,e,f,s,v,l
p,x,s,e,f,y,v,d
p,x,s,n,f,s,v,d
e,k,s,e,t,n,c,w
p,x,s,n,f,y,v,l
e,k,f,w,f,n,n,g
e,k,s,n,f,n,c,l
p,k,y,c,f,m,c,d
e,x,f,g,f,n,s,g
e,x,s,n,f,n,v,l
e,x,s,n,f,n,v,l
p,k,y,e,f,s,v,p
e,k,f,w,f,n,n,g
e,x,f,g,f,n,s,g
e,f,s,n,f,n,v,l
p,k,y,n,f,y,v,d
p,k,y,n,f,s,v,l
p,f,y,n,f,s,v,d
p,f,y,e,f,y,v,p
e,k,f,g,f,n,n,g
p,f,y,e,f,s,v,d
p,f,y,n,f,s,v,p
p,k,s,e,f,s,v,l
e,k,s,g,f,n,s,g
e,b,s,n,f,n,c,l
p,k,y,n,f,f,v,l
p,x,s,w,f,c,v,d
e,b,s,n,f,n,v,l
p,k,s,n,f,y,v,d
p,k,s,n,f,y,v,p
p,k,s,e,f,s,v,l
p,f,s,e,f,s,v,p
p,x,s,e,f,s,v,p
e,x,y,n,t,n,c,w
p,x,s,n,f,s,v,d
p,k,y,n,f,y,v,d
e,x,s,p,t,n,y,p
p,f,s,e,f,y,v,d
p,x,y,n,f,m,c,d
p,k,s,n,f,f,v,l
e,k,s,g,f,n,s,g
p,k,s,n,f,f,v,d
p,f,y,n,f,y,v,p
p,k,s,n,f,s,v,p
p,k,y,e,f,y,v,d
p,f,y,e,f,f,v,d
e,f,s,c,t,n,y,p
p,f,y,n,f,f,v,l
p,k,s,e,f,f,v,d
p,x,s,e,f,y,v,l
p,f,y,e,f,y,v,l
p,x,s,n,f,f,v,p
e,f,s,n,f,n,c,l
p,f,s,e,f,s,v,d
p,x,y,e,f,s,v,p
p,x,y,e,f,f,v,d
p,x,s,e,f,s,v,p
p,k,s,e,f,f,v,l
p,x,s,e,f,y,v,l
e,b,f,g,f,n,s,g
p,k,y,e,f,s,v,p
p,k,s,e,f,s,v,l
e,k,f,g,f,n,n,g
e,f,s,n,f,n,v,l
p,f,y,n,f,m,c,d
p,k,s,e,f,s,v,d
p,f,s,n,f,f,v,l
p,k,y,n,f,f,v,p
p,k,s,e,f,y,v,l
p,k,y,n,f,y,v,p
p,k,y,n,f,y,v,l
e,x,f,g,f,n,n,g
p,k,y,e,f,f,v,p
p,x,y,c,f,m,c,d
p,k,y,e,f,s,v,p
p,k,y,e,f,s,v,l
e,b,s,w,f,n,s,g
p,k,s,n,f,y,v,d
p,x,s,e,f,y,v,p
p,f,y,n,f,f,v,l
p,f,s,e,f,y,v,p
p,k,y,e,f,f,v,d
p,k,y,e,f,f,v,d
e,b,f,w,f,n,n,g
p,k,y,n,f,m,c,d
p,f,y,e,f,y,v,d
p,k,s,n,f,f,v,p
p,k,y,n,f,f,v,p
p,x,s,e,f,s,v,l
e,x,y,g,t,n,v,p
p,f,s,n,f,y,v,d
p,k,y,e,f,y,v,p
e,k,f,w,f,n,n,g
p,x,s,n,f,s,v,d
e,k,s,e,t,n,c,w
p,x,s,e,f,s,v,d
e,k,s,w,f,n,n,g
p,f,y,n,f,s,v,p
p,k,s,e,f,s,v,p
p,k,s,e,f,y,v,p
p,f,y,e,f,f,v,l
e,f,s,n,f,n,v,l
p,f,y,n,f,y,v,d
p,k,y,e,f,y,v,d
p,k,s,e,f,y,v,d
p,k,s,e,f,f,v,l
e,b,s,n,f,n,v,l
e,k,s,g,f,n,s,g
e,x,s,n,f,n,v,l
e,x,f,g,f,n,n,g
p,k,s,e,f,y,v,d
p,f,y,e,f,f,v,d
p,k,s,n,f,s,v,d
p,k,s,n,f,y,v,p
e,b,s,w,f,n,n,g
p,f,s,n,f,s,v,d
e,b,f,g,f,n,n,g
p,x,s,n,f,f,v,d
p,x,y,e,f,f,v,l
p,f,y,c,f,m,c,d
p,f,s,n,f,s,v,d
p,x,y,e,f,s,v,l
p,f,s,n,f,s,v,l
p,f,y,e,f,f,v,p
p,f,s,e,f,f,v,l
p,x,s,e,f,s,v,d
e,k,s,g,f,n,s,g
p,x,s,e,f,y,v,p
p,k,s,n,f,y,v,l
p,k,y,e,f,s,v,l
p,x,s,n,f,y,v,p
e,b,s,g,f,n,n,g
p,x,s,n,f,s,v,l
p,f,s,e,f,s,v,d
p,k,s,n,f,s,v,d
e,b,s,g,f,n,s,g
p,x,s,n,f,y,v,p
p,f,y,e,f,y,v,p
p,f,s,e,f,y,v,d
p,f,y,n,f,m,c,d
e,b,f,g,f,n,s,g
p,f,s,e,f,f,v,p
p,k,s,n,f,f,v,l
e,k,s,g,f,n,n,g
p,k,y,n,f,f,v,l
e,f,y,p,t,n,c,w
e,b,s,n,f,n,c,l
p,k,y,n,f,f,v,l
p,f,y,n,f,s,v,l
e,x,s,n,f,n,c,l
e,x,y,n,t,n,c,w
p,k,s,n,f,f,v,d
p,k,s,n,f,s,v,p
p,k,s,n,f,s,v,p
e,f,y,c,t,n,y,p
e,f,s,n,f,n,c,l
e,b,s,w,f,n,n,g
p,k,s,e,f,s,v,p
e,b,s,g,f,n,n,g
p,k,y,e,f,y,v,p
p,k,y,n,f,s,v,d
e,x,s,n,f,n,c,l
p,x,s,e,f,y,v,p
p,x,s,n,f,f,v,d
p,f,s,e,f,y,v,l
p,f,y,e,f,s,v,p
p,x,y,e,f,s,v,p
p,k,s,e,f,f,v,d
e,k,y,n,f,n,y,d
p,f,s,e,f,f,v,d
p,k,s,n,f,s,v,p
p,f,y,n,f,y,v,p
p,f,s,e,f,f,v,d
e,k,f,g,f,n,n,g
p,k,s,n,f,f,v,d
e,b,f,w,f,n,s,g
p,k,s,e,f,y,v,l
e,x,s,g,f,n,n,g
e,k,s,n,f,n,c,l
p,k,s,e,f,f,v,p
p,k,y,n,f,f,v,l
e,k,f,g,f,n,n,g
e,x,s,e,t,n,c,w
p,k,y,n,f,s,v,l
e,x,f,w,f,n,n,g
p,k,y,e,f,f,v,p
p,k,s,e,f,f,v,l
p,k,s,e,f,f,v,l
p,k,y,e,f,s,v,p
p,k,y,n,f,s,v,p
e,k,s,g,f,n,n,g
p,k,y,n,f,f,v,p
e,f,y,b,t,n,c,w
e,x,s,g,f,n,n,g
e,f,s,n,f,n,v,l
e,k,s,g,f,n,n,g
p,x,s,e,f,s,v,p
p,k,s,n,f,f,v,d
p,k,s,n,f,s,v,p
e,x,s,g,f,n,s,g
p,k,y,e,f,s,v,p
e,f,s,n,f,n,v,l
e,k,s,w,f,n,n,g
p,f,y,e,f,m,c,d
e,b,s,g,f,n,s,g
p,f,y,n,f,y,v,p
e,b,s,n,f,n,c,l
e,b,s,g,f,n,n,g
e,k,s,n,f,n,c,l
e,b,s,g,f,n,n,g
p,k,s,n,f,f,v,l
p,k,y,n,f,y,v,p
e,f,s,n,f,n,c,l
p,k,s,e,f,y,v,p
p,f,s,e,f,y,v,p
p,k,s,n,f,y,v,l
p,k,s,n,f,s,v,l
e,b,s,n,f,n,v,l
e,k,f,g,f,n,s,g
e,b,s,n,f,n,c,l
p,k,s,n,f,s,v,l
p,k,y,e,f,s,v,l
p,k,y,e,f,y,v,p
e,x,y,p,t,n,c,w
e,f,s,n,f,n,c,l
p,k,s,e,f,y,v,d
e,x,s,n,f,n,v,l
p,k,s,n,f,y,v,d
e,k,s,w,f,n,s,g
p,k,y,e,f,f,v,d
p,k,y,n,f,f,v,d
e,k,f,g,f,n,s,g
p,f,s,n,f,y,v,p
e,x,s,g,f,n,n,g
p,k,y,n,f,f,v,p
p,f,s,e,f,f,v,d
e,x,f,w,f,n,n,g
p,k,y,n,f,s,v,l
p,f,y,n,f,m,c,d
e,b,f,g,f,n,n,g
p,k,y,e,f,y,v,p
p,x,y,e,f,s,v,d
p,k,s,e,f,y,v,l
e,k,f,g,f,n,n,g
e,k,f,w,f,n,s,g
p,k,y,e,f,s,v,d
e,k,s,g,f,n,n,g
p,k,s,n,f,f,v,d
p,k,y,n,f,y,v,l
e,k,s,w,f,n,s,g
p,k,y,e,f,y,v,l
e,b,s,w,f,n,s,g
p,k,s,n,f,y,v,d
e,x,s,w,f,n,n,g
e,b,s,n,f,n,v,l
p,k,s,n,f,s,v,d
p,k,y,e,f,f,v,p
e,x,f,w,f,n,n,g
p,x,y,e,f,m,c,d
p,k,s,e,f,y,v,p
p,k,s,n,f,f,v,l
p,k,y,n,f,y,v,p
p,k,s,e,f,f,v,d
e,k,s,n,f,n,c,l
p,k,y,n,f,f,v,l
e,f,y,n,f,n,y,d
e,k,s,g,f,n,n,g
p,f,y,e,f,y,v,l
p,k,y,y,f,n,c,l
p,k,y,e,f,y,v,p
p,k,s,e,f,s,v,l
p,k,y,e,f,s,v,l
e,b,s,n,f,n,c,l
e,x,s,g,t,n,y,p
e,k,s,g,f,n,n,g
p,f,y,e,f,s,v,p
p,k,s,e,f,s,v,p
p,k,y,e,f,s,v,l
e,b,f,w,f,n,n,g
e,f,s,n,f,n,c,l
p,k,s,n,f,y,v,p
p,k,s,e,f,f,v,d
e,x,f,w,f,n,s,g
p,k,y,e,f,y,v,l
e,x,f,w,f,n,s,g
p,k,y,e,f,y,v,l
p,k,y,n,f,s,v,p
e,x,s,g,f,n,n,g
e,x,s,w,f,n,n,g
p,k,y,n,f,f,v,d
p,k,s,n,f,f,v,l
p,k,s,e,f,s,v,d
e,b,f,w,f,n,n,g
p,f,s,n,f,f,v,p
p,k,s,e,f,y,v,d
p,k,s,n,f,f,v,l
p,x,y,n,f,m,c,d
p,k,y,n,f,f,v,l
e,f,s,n,f,n,c,l
p,x,y,e,f,f,v,d
e,f,s,n,f,n,v,l
e,b,s,w,f,n,n,g
e,b,s,g,f,n,n,g
p,k,y,e,f,s,v,l
p,k,s,n,f,y,v,d
p,k,s,e,f,f,v,p
p,k,s,e,f,y,v,d
e,b,f,w,f,n,s,g
e,k,s,g,f,n,n,g
p,f,y,e,f,m,c,d
p,k,y,n,f,f,v,d
p,k,y,n,f,f,v,p
p,f,s,e,f,y,v,d
p,x,s,n,f,s,v,d
p,k,y,n,f,s,v,p
p,k,y,c,f,m,c,d
p,k,y,n,f,s,v,d
e,k,s,w,f,n,n,g
p,f,y,n,f,y,v,l
e,b,f,g,f,n,s,g
p,f,s,e,f,f,v,d
p,k,s,e,f,y,v,l
e,k,s,g,f,n,s,g
e,x,s,g,f,n,s,g
p,k,s,e,f,y,v,l
e,k,s,n,f,n,c,l
e,f,y,p,t,n,y,p
e,b,s,w,f,n,n,g
p,f,y,n,f,s,v,l
p,f,s,e,f,f,v,p
p,k,s,e,f,f,v,l
e,k,f,g,f,n,n,g
e,x,f,w,f,n,s,g
e,x,s,c,t,n,y,p
e,k,f,g,f,n,s,g
p,k,s,e,f,y,v,l
p,k,y,e,f,y,v,p
p,k,s,n,f,y,v,p
p,x,y,e,f,f,v,p
e,k,s,n,f,n,c,l
p,f,y,y,f,n,c,l
p,x,y,c,f,m,c,d
p,x,s,n,f,y,v,d
e,x,y,p,t,n,v,p
p,k,y,n,f,s,v,p
e,k,s,g,f,n,n,g
e,b,s,g,f,n,s,g
p,k,s,e,f,f,v,p
e,x,s,n,f,n,v,l
e,b,s,n,f,n,v,l
e,f,s,n,t,n,y,p
e,k,s,g,f,n,s,g
p,f,s,n,f,y,v,d
p,k,s,n,f,f,v,d
p,f,y,n,f,s,v,l
p,k,y,e,f,y,v,d
p,k,s,n,f,f,v,l
p,k,s,e,f,y,v,p
e,b,s,w,f,n,n,g
p,k,y,n,f,m,c,d
p,k,y,e,f,y,v,d
e,k,s,n,f,n,v,l
p,k,s,e,f,f,v,p
e,b,s,w,f,n,s,g
e,x,s,g,f,n,s,g
p,k,s,n,f,s,v,l
p,k,y,n,f,y,v,p
p,k,s,n,f,f,v,d
p,k,y,e,f,f,v,p
p,k,s,e,f,s,v,l
p,k,y,n,f,y,v,p
e,b,s,g,f,n,s,g
p,k,y,e,f,y,v,p
e,b,f,w,f,n,s,g
p,c,y,y,f,n,c,l
p,x,s,n,f,s,v,p
p,k,y,e,f,y,v,l
e,x,s,g,f,n,s,g
e,b,s,n,f,n,v,l
p,k,y,e,f,y,v,l
e,b,s,n,f,n,c,l
p,k,y,e,f,y,v,l
p,k,y,e,f,f,v,l
p,k,s,e,f,y,v,p
e,b,s,g,f,n,s,g
e,k,s,n,f,n,c,l
e,b,s,n,f,n,v,l
p,x,s,n,f,f,v,d
e,x,s,g,t,n,v,p
e,x,f,g,f,n,s,g
p,k,s,n,f,s,v,l
e,k,f,g,f,n,n,g
p,k,s,n,f,f,v,p
p,k,y,e,f,y,v,d
p,k,y,n,f,s,v,d
e,f,s,p,t,n,y,p
p,k,y,n,f,f,v,d
p,k,y,e,f,f,v,p
e,f,s,n,f,n,c,l
p,k,y,e,f,f,v,l
p,k,y,n,f,y,v,d
p,k,y,n,f,y,v,d
p,f,y,n,f,s,v,p
p,k,s,e,f,f,v,p
p,k,y,e,f,s,v,l
e,x,s,n,f,n,c,l
p,f,s,e,f,s,v,p
e,k,s,g,f,n,s,g
p,k,s,e,f,s,v,l
p,k,s,e,f,y,v,l
e,f,s,n,f,n,v,l
p,k,s,n,f,s,v,l
e,x,f,g,f,n,s,g
e,k,s,n,f,n,v,l
p,f,s,e,f,s,v,p
p,k,s,n,f,s,v,d
e,f,y,n,t,n,y,p
e,x,f,g,f,n,n,g
e,k,s,w,f,n,n,g
e,b,s,n,f,n,c,l
p,k,y,e,f,s,v,p
p,k,y,e,f,y,v,l
e,k,y,n,f,n,y,p
e,x,f,g,f,n,s,g
p,k,s,n,f,f,v,p
p,k,y,e,f,f,v,l
p,k,y,n,f,f,v,d
p,f,y,n,f,f,v,l
e,f,s,n,f,n,v,l
p,f,y,e,f,f,v,d
p,k,s,n,f,s,v,p
p,k,s,n,f,f,v,l
e,b,s,n,f,n,c,l
e,x,f,g,f,n,n,g
p,k,s,n,f,s,v,p
p,k,y,n,f,f,v,p
e,x,s,g,f,n,s,g
p,k,y,n,f,s,v,d
p,k,s,e,f,s,v,d
p,k,y,e,f,y,v,l
e,b,s,n,f,n,c,l
e,b,s,g,f,n,s,g
p,x,y,e,f,m,c,d
p,k,s,n,f,f,v,p
p,k,y,e,f,f,v,d
p,k,y,e,f,y,v,d
p,k,s,n,f,f,v,d
p,k,y,e,f,s,v,l
p,k,s,e,f,s,v,d
p,x,s,e,f,y,v,p
p,k,s,e,f,s,v,d
p,k,s,n,f,y,v,d
e,b,f,g,f,n,s,g
p,k,y,n,f,m,c,d
e,f,s,n,t,n,v,p
p,k,s,n,f,y,v,p
p,f,y,y,f,n,c,l
p,k,s,n,f,s,v,l
p,f,y,e,f,m,c,d
e,x,f,g,f,n,n,g
p,k,y,n,f,y,v,d
p,k,s,n,f,s,v,l
p,f,y,n,f,y,v,d
e,f,s,n,f,n,c,l
p,k,y,n,f,s,v,d
p,f,y,n,f,f,v,d
p,k,s,n,f,s,v,p
p,f,y,e,f,s,v,l
p,k,s,n,f,s,v,p
p,x,y,e,f,s,v,d
p,k,y,n,f,y,v,p
e,x,s,w,f,n,s,g
e,x,s,g,f,n,s,g
e,x,f,w,f,n,s,g
p,k,s,n,f,s,v,d
p,k,s,e,f,f,v,d
p,k,y,e,f,y,v,p
p,k,s,e,f,f,v,d
p,k,s,n,f,y,v,p
p,k,y,n,f,f,v,l
p,k,y,e,f,y,v,p
p,k,s,n,f,y,v,d
p,k,s,e,f,s,v,d
e,f,s,n,f,n,c,l
p,f,s,n,f,s,v,d
p,k,s,n,f,s,v,l
e,x,s,g,f,n,n,g
e,x,f,w,f,n,n,g
p,k,y,n,f,s,v,d
e,x,s,n,f,n,c,l
p,k,y,n,f,s,v,l
p,k,y,n,f,s,v,l
p,k,y,n,f,s,v,p
p,k,y,e,f,s,v,l
p,k,s,n,f,f,v,l
e,b,s,n,f,n,c,l
e,f,s,n,f,n,c,l
e,b,s,w,f,n,s,g
p,k,s,n,f,y,v,l
e,x,s,n,f,n,c,l
p,k,y,n,f,s,v,d
e,b,f,g,f,n,s,g
e,b,s,g,f,n,n,g
p,x,s,n,f,s,v,d
e,x,s,n,f,n,c,l
e,x,s,w,f,n,n,g
e,x,s,n,f,n,y,p
e,k,s,g,f,n,s,g
e,x,s,w,f,n,n,g
p,f,y,c,f,m,c,d
e,x,s,n,f,n,c,l
p,k,s,e,f,y,v,l
p,k,y,e,f,s,v,l
e,x,s,w,f,n,n,g
e,k,f,w,f,n,s,g
e,b,f,g,f,n,s,g
e,k,s,n,f,n,v,l
p,k,y,n,f,f,v,p
p,f,y,e,f,s,v,p
p,k,s,e,f,s,v,l
e,k,s,n,f,n,v,l
e,f,s,p,t,n,v,p
p,k,y,n,f,f,v,p
e,b,s,w,f,n,s,g
p,k,s,e,f,y,v,p
e,k,s,w,f,n,s,g
p,k,y,n,f,s,v,l
p,k,s,n,f,s,v,l
e,f,s,n,f,n,c,l
p,k,s,n,f,y,v,l
p,k,y,e,f,f,v,d
e,x,s,n,f,n,v,l
e,x,f,w,f,n,n,g
e,x,f,g,f,n,n,g
e,x,s,n,f,n,v,l
p,k,s,n,f,y,v,p
p,k,y,e,f,y,v,p
e,x,s,w,f,n,s,g
p,k,y,e,f,y,v,d
e,x,f,g,f,n,s,g
p,k,s,n,f,s,v,l
p,f,y,n,f,f,v,d
p,k,s,e,f,s,v,d
e,k,s,n,f,n,y,p
p,k,s,e,f,y,v,l
p,k,s,n,f,y,v,p
e,b,s,g,f,n,s,g
p,k,y,n,f,s,v,l
p,k,s,n,f,f,v,p
e,k,f,g,f,n,n,g
p,k,y,n,f,f,v,l
p,k,s,e,f,y,v,l
p,k,y,n,f,s,v,p
p,k,s,e,f,y,v,d
e,k,f,w,f,n,n,g
p,k,y,e,f,y,v,d
p,k,y,e,f,s,v,d
e,b,f,w,f,n,s,g
e,x,s,g,f,n,n,g
e,b,s,g,f,n,s,g
p,k,y,e,f,s,v,p
p,k,s,n,f,y,v,p
p,k,y,e,f,y,v,d
e,b,s,w,f,n,s,g
p,f,s,e,f,f,v,d
p,k,s,n,f,s,v,d
e,k,s,w,f,n,s,g
p,k,y,e,f,y,v,d
p,k,s,e,f,f,v,l
p,k,s,n,f,s,v,d
e,x,s,n,t,n,v,p
p,k,s,n,f,f,v,p
p,k,y,e,f,f,v,p
p,b,y,y,f,n,c,l
p,k,y,e,f,f,v,l
e,x,s,n,t,n,y,p
p,k,s,e,f,f,v,p
e,k,f,g,f,n,s,g
p,k,s,e,f,s,v,d
p,k,s,e,f,f,v,d
p,k,s,n,f,y,v,l
p,k,y,n,f,y,v,l
e,x,f,g,f,n,n,g
e,b,s,w,f,n,n,g
p,k,y,e,f,s,v,d
e,b,s,n,f,n,c,l
p,k,y,e,f,y,v,p
p,k,s,e,f,y,v,p
e,b,s,g,f,n,s,g
p,k,s,e,f,y,v,p
e,b,s,n,f,n,v,l
p,f,s,n,f,y,v,p
p,k,s,e,f,y,v,d
p,k,s,n,f,y,v,l
p,k,y,n,f,y,v,l
e,b,f,g,f,n,n,g
e,k,s,w,f,n,s,g
p,k,s,n,f,y,v,l
p,f,y,n,f,f,v,d
e,x,s,w,f,n,s,g
e,x,s,n,f,n,c,l
p,k,s,n,f,s,v,p
p,k,y,n,f,s,v,l
e,k,s,n,f,n,v,l
e,b,f,w,f,n,s,g
e,f,y,n,t,n,c,w
p,f,y,e,f,y,v,p
p,k,y,e,f,f,v,l
p,x,y,e,f,m,c,d
e,f,s,n,f,n,c,l
p,k,s,n,f,f,v,d
p,x,s,n,f,s,v,d
p,k,y,e,f,s,v,d
e,b,s,w,f,n,s,g
e,b,s,g,f,n,s,g
e,k,f,g,f,n,n,g
e,k,f,g,f,n,n,g
e,x,f,w,f,n,n,g
p,k,y,e,f,s,v,p
p,f,y,e,f,s,v,l
p,k,y,e,f,s,v,l
p,f,s,n,f,f,v,l
e,b,s,w,f,n,s,g
e,k,s,w,f,n,s,g
e,b,f,w,f,n,n,g
e,f,s,n,f,n,c,l
p,k,y,e,f,s,v,d
p,k,s,n,f,f,v,p
p,k,s,n,f,y,v,p
p,f,y,n,f,y,v,d
p,x,s,e,f,f,v,l
e,f,s,n,f,n,v,l
e,k,f,w,f,n,s,g
p,k,s,n,f,y,v,d
p,x,s,n,f,y,v,d
e,b,f,g,f,n,s,g
p,k,y,n,f,s,v,d
e,b,s,n,f,n,c,l
e,f,s,n,f,n,v,l
p,k,y,e,f,s,v,p
p,k,s,e,f,s,v,d
p,k,y,n,f,s,v,p
p,k,y,e,f,s,v,p
p,k,y,n,f,f,v,d
e,x,s,g,f,n,s,g
p,k,y,n,f,f,v,d
e,f,y,c,t,n,v,p
e,b,s,n,f,n,v,l
p,k,s,e,f,y,v,l
p,k,s,n,f,f,v,d
p,k,y,n,f,f,v,p
e,b,f,g,f,n,s,g
p,k,y,n,f,s,v,p
e,b,f,w,f,n,s,g
p,k,s,e,f,f,v,l
e,x,s,w,f,n,s,g
p,k,y,e,f,f,v,l
p,k,y,e,f,s,v,d
e,x,s,w,f,n,n,g
p,k,y,e,f,f,v,d
p,k,y,n,f,s,v,p
e,k,s,n,f,n,v,l
e,k,s,n,f,n,v,l
p,k,s,e,f,y,v,l
p,k,s,e,f,s,v,p
e,k,s,n,f,n,c,l
p,k,s,n,f,y,v,d
p,k,s,e,f,f,v,d
p,k,y,e,f,s,v,d
p,k,y,e,f,f,v,d
p,k,y,e,f,f,v,l
e,k,f,w,f,n,n,g
e,b,s,n,f,n,v,l
p,k,s,e,f,s,v,d
e,f,s,n,f,n,v,l
e,f,y,n,f,n,y,p
p,k,y,e,f,y,v,l
e,f,s,g,t,n,y,p
e,x,s,p,t,n,v,p
p,c,y,y,f,n,c,l
p,k,s,e,f,f,v,p
p,k,y,e,f,f,v,d
p,k,y,e,f,m,c,d
e,b,s,n,f,n,v,l
p,k,s,n,f,s,v,l
e,x,s,w,f,n,s,g
p,x,s,e,f,f,v,l
p,x,y,c,f,m,c,d
p,f,s,n,f,s,v,l
e,k,s,n,f,n,c,l
e,b,y,n,f,n,y,d
p,f,s,n,f,s,v,d
p,k,s,n,f,y,v,p
e,b,s,g,f,n,s,g
e,x,y,n,t,n,v,p
p,k,g,w,t,n,c,l
e,k,s,n,f,n,c,l
e,k,s,p,t,n,c,w
e,x,f,w,f,n,n,g
p,k,s,n,f,y,v,d
e,x,s,n,f,n,c,l
